Ülke,Yıl,Konut Fiyat Endeksi,İnşaat GSYH Payı (%),Kentsel Nüfus Oranı (%),Kişi Başına Araç Sayısı,Otomobil Üretimi
Almanya,2010,127.4,6.79,71.2,229.0,1147515.0
Almanya,2011,143.1,7.46,71.2,196.0,500329.0
Almanya,2012,109.5,4.43,69.7,195.0,965002.0
Almanya,2013,137.7,5.96,76.8,161.0,773035.0
Almanya,2014,142.5,6.24,77.6,102.0,847016.0
Almanya,2015,105.2,7.67,70.7,193.0,1344613.0
Almanya,2016,119.6,5.18,83.8,178.0,1496036.0
Almanya,2017,109.3,4.43,82.0,230.0,552811.0
Almanya,2018,143.7,3.8,73.0,214.0,904583.0
Almanya,2019,120.7,7.37,72.9,209.0,877353.0
Fransa,2010,109.0,7.22,77.1,195.0,692153.0
Fransa,2011,130.1,6.62,74.2,138.0,849074.0
Fransa,2012,138.9,7.11,72.5,139.0,919095.0
Fransa,2013,113.1,3.67,87.3,217.0,1744799.0
Fransa,2014,114.2,7.55,74.7,160.0,1297054.0
Fransa,2015,121.9,7.55,66.4,164.0,746680.0
Fransa,2016,128.0,5.45,73.6,110.0,894549.0
Fransa,2017,144.4,5.18,76.7,162.0,1051818.0
Fransa,2018,118.1,7.29,74.9,202.0,538104.0
Fransa,2019,141.0,6.1,74.1,272.0,836719.0
İtalya,2010,121.9,5.18,78.1,161.0,1484537.0
İtalya,2011,107.0,6.43,74.8,163.0,900977.0
İtalya,2012,127.2,6.14,72.2,177.0,1200973.0
İtalya,2013,137.1,5.87,72.5,228.0,910023.0
İtalya,2014,117.3,6.33,70.2,209.0,543150.0
İtalya,2015,100.1,6.52,77.0,233.0,840778.0
İtalya,2016,134.4,4.46,78.1,170.0,503306.0
İtalya,2017,136.8,6.18,76.2,195.0,760398.0
İtalya,2018,108.7,5.67,80.5,175.0,1187408.0
İtalya,2019,125.1,5.73,69.2,210.0,782372.0
İspanya,2010,113.2,6.35,80.3,253.0,1427946.0
İspanya,2011,100.9,6.57,72.2,153.0,1550277.0
İspanya,2012,142.6,7.44,76.7,166.0,1179051.0
İspanya,2013,131.9,7.93,76.3,179.0,1183515.0
İspanya,2014,96.0,7.07,79.1,229.0,1563637.0
İspanya,2015,143.1,7.18,74.3,244.0,741131.0
İspanya,2016,157.0,7.23,72.2,173.0,1373190.0
İspanya,2017,114.2,7.7,77.3,241.0,1151070.0
İspanya,2018,133.2,6.22,78.1,215.0,651588.0
İspanya,2019,102.7,5.09,79.2,201.0,780175.0
Polonya,2010,123.5,4.73,78.7,158.0,1096946.0
Polonya,2011,122.2,5.02,70.1,220.0,1470762.0
Polonya,2012,164.8,6.35,74.8,213.0,602477.0
Polonya,2013,140.5,4.84,74.9,146.0,1490472.0
Polonya,2014,109.4,5.91,81.0,302.0,1082845.0
Polonya,2015,129.2,7.57,76.8,154.0,1101296.0
Polonya,2016,125.2,6.34,75.3,179.0,622561.0
Polonya,2017,144.1,8.63,77.7,198.0,1159302.0
Polonya,2018,134.2,6.3,78.4,238.0,1371394.0
Polonya,2019,97.4,4.5,73.8,191.0,1001518.0
Hollanda,2010,124.4,7.91,73.6,161.0,319310.0
Hollanda,2011,131.1,6.55,77.8,264.0,938036.0
Hollanda,2012,120.7,4.59,75.4,186.0,739100.0
Hollanda,2013,136.3,5.25,71.2,140.0,1003587.0
Hollanda,2014,127.3,6.24,75.7,206.0,526403.0
Hollanda,2015,107.5,7.19,72.5,182.0,730542.0
Hollanda,2016,139.2,6.26,79.6,106.0,1053725.0
Hollanda,2017,91.1,5.19,81.0,171.0,1377953.0
Hollanda,2018,97.2,5.87,74.3,189.0,903954.0
Hollanda,2019,134.4,6.24,75.7,187.0,642138.0
Belçika,2010,118.8,5.27,77.8,126.0,405338.0
Belçika,2011,112.4,5.52,77.9,248.0,816234.0
Belçika,2012,113.3,5.87,66.0,232.0,821585.0
Belçika,2013,106.5,5.95,68.6,124.0,1065258.0
Belçika,2014,131.8,5.92,82.9,215.0,988103.0
Belçika,2015,125.5,5.64,79.8,145.0,1078219.0
Belçika,2016,103.9,5.15,76.1,193.0,-122083.0
Belçika,2017,136.4,7.16,77.7,211.0,662763.0
Belçika,2018,135.3,6.09,69.1,182.0,2082169.0
Belçika,2019,127.0,4.6,67.0,216.0,997853.0
Yunanistan,2010,131.2,6.07,71.5,229.0,484941.0
Yunanistan,2011,111.9,6.21,78.8,184.0,858116.0
Yunanistan,2012,100.8,6.83,75.9,113.0,1072964.0
Yunanistan,2013,97.8,5.01,79.9,160.0,566850.0
Yunanistan,2014,111.6,6.44,77.2,143.0,1241800.0
Yunanistan,2015,131.3,5.28,80.7,114.0,1349606.0
Yunanistan,2016,130.4,6.92,68.6,205.0,836802.0
Yunanistan,2017,101.2,5.65,79.3,236.0,820590.0
Yunanistan,2018,101.5,5.74,85.4,298.0,764119.0
Yunanistan,2019,108.9,4.39,75.9,126.0,421577.0
Portekiz,2010,118.9,6.93,73.7,38.0,1130858.0
Portekiz,2011,125.3,5.84,77.0,221.0,871708.0
Portekiz,2012,127.7,6.81,72.8,168.0,1083674.0
Portekiz,2013,119.5,7.81,78.1,191.0,797111.0
Portekiz,2014,121.8,6.97,69.4,198.0,1290982.0
Portekiz,2015,98.8,5.38,75.5,274.0,1328597.0
Portekiz,2016,141.2,5.9,75.7,247.0,1200664.0
Portekiz,2017,139.9,6.37,71.8,141.0,820729.0
Portekiz,2018,135.5,5.74,73.8,273.0,1297677.0
Portekiz,2019,120.7,5.43,75.5,163.0,1089381.0
İsveç,2010,129.1,7.51,69.4,192.0,1220718.0
İsveç,2011,130.0,4.81,74.9,203.0,571025.0
İsveç,2012,119.6,5.9,80.9,119.0,427809.0
İsveç,2013,142.6,6.58,74.5,208.0,1126878.0
İsveç,2014,119.1,6.43,72.4,241.0,670967.0
İsveç,2015,116.1,4.31,85.4,64.0,1067098.0
İsveç,2016,116.0,4.57,77.3,143.0,1654539.0
İsveç,2017,146.6,6.76,73.2,69.0,808762.0
İsveç,2018,122.2,4.0,70.9,106.0,554974.0
İsveç,2019,150.0,6.63,83.7,275.0,1118079.0
Norveç,2010,125.4,6.57,65.1,208.0,1138709.0
Norveç,2011,113.0,7.2,72.8,316.0,1293145.0
Norveç,2012,111.7,5.5,77.0,147.0,782069.0
Norveç,2013,109.1,8.72,77.0,258.0,378394.0
Norveç,2014,89.8,3.57,77.9,211.0,979185.0
Norveç,2015,103.8,7.72,71.4,159.0,307832.0
Norveç,2016,143.2,4.85,83.9,211.0,1414212.0
Norveç,2017,110.4,2.63,75.4,163.0,1015555.0
Norveç,2018,113.1,6.26,80.9,143.0,1041923.0
Norveç,2019,130.7,6.7,71.1,150.0,633663.0
Danimarka,2010,140.6,5.17,72.7,191.0,989151.0
Danimarka,2011,94.5,5.76,83.4,107.0,1284137.0
Danimarka,2012,110.6,6.57,82.4,240.0,921815.0
Danimarka,2013,128.0,6.3,77.1,135.0,1884326.0
Danimarka,2014,87.1,6.56,78.7,239.0,850424.0
Danimarka,2015,159.2,4.79,68.3,178.0,1166933.0
Danimarka,2016,136.0,7.54,72.0,188.0,771829.0
Danimarka,2017,91.5,7.35,78.1,219.0,513768.0
Danimarka,2018,140.4,6.55,77.4,152.0,1765352.0
Danimarka,2019,119.1,6.81,79.0,195.0,704625.0
Finlandiya,2010,136.2,7.11,71.7,264.0,1151239.0
Finlandiya,2011,143.1,6.9,77.8,90.0,1050521.0
Finlandiya,2012,113.4,8.04,77.1,217.0,875889.0
Finlandiya,2013,122.4,6.44,80.3,133.0,1198438.0
Finlandiya,2014,115.9,4.63,75.8,144.0,1359367.0
Finlandiya,2015,126.3,5.72,75.4,167.0,1313384.0
Finlandiya,2016,124.5,7.34,74.4,171.0,1473668.0
Finlandiya,2017,140.9,4.92,71.6,228.0,491131.0
Finlandiya,2018,134.1,7.05,87.5,175.0,505816.0
Finlandiya,2019,133.0,5.42,73.0,123.0,756064.0
Çekya,2010,138.2,4.84,82.0,144.0,772568.0
Çekya,2011,99.7,6.65,71.6,212.0,675901.0
Çekya,2012,132.1,5.72,71.3,106.0,978719.0
Çekya,2013,113.3,4.41,69.8,94.0,496804.0
Çekya,2014,123.0,5.79,64.2,278.0,1526080.0
Çekya,2015,109.8,3.83,81.9,212.0,1289546.0
Çekya,2016,104.8,6.21,70.3,177.0,610290.0
Çekya,2017,159.8,6.8,83.0,178.0,1004422.0
Çekya,2018,138.1,6.29,75.6,206.0,1680381.0
Çekya,2019,108.4,7.05,79.0,221.0,990206.0
Macaristan,2010,111.6,6.21,72.8,189.0,103698.0
Macaristan,2011,115.1,7.15,78.9,195.0,543861.0
Macaristan,2012,131.3,5.03,71.1,186.0,1063848.0
Macaristan,2013,123.9,5.76,77.0,209.0,1149752.0
Macaristan,2014,145.7,4.11,73.8,227.0,618438.0
Macaristan,2015,130.8,6.7,70.7,103.0,613915.0
Macaristan,2016,104.7,7.51,67.9,113.0,1107056.0
Macaristan,2017,115.4,7.26,61.8,68.0,952146.0
Macaristan,2018,134.9,6.66,75.2,174.0,1014844.0
Macaristan,2019,120.2,6.89,61.6,129.0,1293785.0
İrlanda,2010,136.1,4.37,73.7,176.0,694293.0
İrlanda,2011,100.7,6.43,75.2,134.0,336746.0
İrlanda,2012,140.2,6.4,81.6,158.0,864418.0
İrlanda,2013,113.8,6.72,75.6,168.0,1442976.0
İrlanda,2014,121.3,3.28,74.5,202.0,1167704.0
İrlanda,2015,131.3,6.54,77.1,137.0,1703982.0
İrlanda,2016,108.7,5.45,77.8,141.0,708829.0
İrlanda,2017,113.5,6.32,67.4,107.0,802652.0
İrlanda,2018,97.0,3.82,73.0,182.0,952892.0
İrlanda,2019,118.4,5.59,70.0,171.0,1577045.0
Avusturya,2010,111.0,5.56,78.6,170.0,922667.0
Avusturya,2011,104.4,6.49,79.4,274.0,1153548.0
Avusturya,2012,124.3,6.66,70.9,161.0,1618006.0
Avusturya,2013,124.1,4.8,66.8,190.0,1293211.0
Avusturya,2014,100.8,5.9,75.3,123.0,964524.0
Avusturya,2015,125.0,5.49,69.8,178.0,1422373.0
Avusturya,2016,109.7,5.8,76.8,173.0,614500.0
Avusturya,2017,91.7,6.3,63.0,169.0,1279532.0
Avusturya,2018,89.6,8.65,72.3,230.0,1582807.0
Avusturya,2019,122.2,7.12,69.4,137.0,1155592.0
İsviçre,2010,129.7,4.1,72.3,129.0,1120980.0
İsviçre,2011,131.4,5.91,75.3,267.0,1225444.0
İsviçre,2012,107.2,4.97,75.5,264.0,966643.0
İsviçre,2013,101.8,6.16,76.6,156.0,515321.0
İsviçre,2014,115.0,6.54,74.6,148.0,1116985.0
İsviçre,2015,122.0,6.66,68.9,204.0,826520.0
İsviçre,2016,122.1,6.64,68.0,114.0,911800.0
İsviçre,2017,125.1,4.86,66.8,199.0,615849.0
İsviçre,2018,130.5,6.86,73.8,155.0,1403593.0
İsviçre,2019,122.8,3.95,66.1,213.0,1818947.0
Rusya,2010,124.4,6.83,70.2,111.0,1010681.0
Rusya,2011,101.1,4.07,78.3,171.0,2050764.0
Rusya,2012,116.7,8.14,67.1,162.0,394510.0
Rusya,2013,122.5,5.13,69.9,225.0,2093460.0
Rusya,2014,111.5,8.3,73.8,239.0,1220265.0
Rusya,2015,113.8,4.01,80.2,165.0,533355.0
Rusya,2016,101.9,5.23,84.3,133.0,1006234.0
Rusya,2017,90.8,7.81,66.8,113.0,653117.0
Rusya,2018,131.4,5.12,74.1,118.0,821467.0
Rusya,2019,128.5,5.08,68.5,286.0,432505.0
Brezilya,2010,148.0,6.6,71.2,211.0,610654.0
Brezilya,2011,96.1,6.88,73.1,130.0,614845.0
Brezilya,2012,133.2,6.33,77.8,168.0,679822.0
Brezilya,2013,116.3,5.9,71.9,133.0,1060694.0
Brezilya,2014,97.7,5.85,76.0,201.0,1396998.0
Brezilya,2015,134.9,6.9,77.3,189.0,405216.0
Brezilya,2016,125.6,4.34,74.1,164.0,393897.0
Brezilya,2017,127.8,6.16,80.6,204.0,1339987.0
Brezilya,2018,116.7,5.52,64.4,137.0,1128374.0
Brezilya,2019,99.7,5.35,76.5,95.0,1008617.0
Meksika,2010,111.9,4.2,79.8,174.0,1072718.0
Meksika,2011,134.6,5.44,73.2,102.0,799108.0
Meksika,2012,146.1,5.99,84.8,175.0,1074010.0
Meksika,2013,105.8,6.03,84.5,173.0,1186482.0
Meksika,2014,135.0,4.88,75.6,219.0,384100.0
Meksika,2015,101.8,6.1,83.5,102.0,667585.0
Meksika,2016,130.6,5.78,75.8,137.0,1301793.0
Meksika,2017,117.1,5.62,65.7,150.0,1748194.0
Meksika,2018,132.8,6.21,77.1,128.0,1487997.0
Meksika,2019,119.5,6.7,75.2,205.0,580638.0
Arjantin,2010,113.4,6.18,72.6,210.0,1376749.0
Arjantin,2011,142.9,5.64,74.5,251.0,745536.0
Arjantin,2012,102.0,6.86,66.8,200.0,942436.0
Arjantin,2013,86.7,7.19,73.6,212.0,1093520.0
Arjantin,2014,109.8,5.81,72.6,228.0,904353.0
Arjantin,2015,119.9,6.6,68.0,107.0,1398991.0
Arjantin,2016,127.6,5.41,69.0,185.0,1497556.0
Arjantin,2017,92.8,7.09,76.4,188.0,408340.0
Arjantin,2018,122.7,5.26,80.4,232.0,938608.0
Arjantin,2019,149.9,6.41,73.3,232.0,681425.0
Şili,2010,117.4,7.54,65.7,199.0,447537.0
Şili,2011,86.7,7.65,71.1,208.0,1155456.0
Şili,2012,119.3,6.0,78.7,175.0,926437.0
Şili,2013,131.6,7.29,80.1,198.0,953178.0
Şili,2014,94.3,7.08,80.8,211.0,746433.0
Şili,2015,111.4,6.21,65.2,208.0,1642425.0
Şili,2016,100.7,5.37,76.3,237.0,1364857.0
Şili,2017,112.0,3.25,72.6,149.0,1735348.0
Şili,2018,119.2,6.22,84.3,199.0,1145994.0
Şili,2019,120.3,6.2,71.0,145.0,1490123.0
Kolombiya,2010,127.8,5.71,75.0,164.0,253394.0
Kolombiya,2011,119.8,7.54,71.1,174.0,1405331.0
Kolombiya,2012,126.3,8.35,64.0,79.0,603134.0
Kolombiya,2013,126.8,5.83,75.2,189.0,448184.0
Kolombiya,2014,156.2,6.85,66.8,157.0,1183523.0
Kolombiya,2015,91.2,7.14,76.3,212.0,805924.0
Kolombiya,2016,96.5,5.09,74.3,204.0,888639.0
Kolombiya,2017,114.3,6.78,75.3,207.0,1114936.0
Kolombiya,2018,84.8,3.96,73.6,127.0,1170183.0
Kolombiya,2019,127.7,6.89,73.6,109.0,1180329.0
Güney Afrika,2010,135.3,6.49,75.7,177.0,638549.0
Güney Afrika,2011,112.6,6.89,63.8,184.0,705272.0
Güney Afrika,2012,121.4,5.33,70.7,210.0,1408655.0
Güney Afrika,2013,96.0,3.22,65.4,194.0,928775.0
Güney Afrika,2014,130.8,7.31,80.3,156.0,1172354.0
Güney Afrika,2015,102.0,5.3,77.6,214.0,734220.0
Güney Afrika,2016,101.7,5.18,74.9,150.0,1170454.0
Güney Afrika,2017,117.3,6.85,80.0,192.0,1314788.0
Güney Afrika,2018,113.8,4.85,74.6,144.0,1460731.0
Güney Afrika,2019,104.8,4.95,75.0,167.0,1870926.0
Hindistan,2010,123.4,5.88,67.0,90.0,860451.0
Hindistan,2011,103.4,7.36,72.2,225.0,694611.0
Hindistan,2012,91.5,6.23,72.7,252.0,504883.0
Hindistan,2013,116.4,6.2,71.7,147.0,2075338.0
Hindistan,2014,113.7,7.2,74.4,211.0,1453738.0
Hindistan,2015,130.2,6.63,76.4,188.0,1222146.0
Hindistan,2016,120.4,5.78,69.4,73.0,1740649.0
Hindistan,2017,114.9,6.27,77.2,104.0,994218.0
Hindistan,2018,118.0,6.15,81.8,233.0,902172.0
Hindistan,2019,106.0,4.63,74.2,78.0,1379375.0
Çin,2010,119.1,3.95,72.9,128.0,991938.0
Çin,2011,128.6,6.02,73.8,244.0,195284.0
Çin,2012,137.2,7.03,76.0,168.0,875996.0
Çin,2013,113.3,6.11,76.8,201.0,72906.0
Çin,2014,129.2,7.34,79.5,80.0,1553278.0
Çin,2015,118.2,5.35,66.0,146.0,951021.0
Çin,2016,109.4,4.82,76.9,213.0,885327.0
Çin,2017,125.8,6.94,72.3,177.0,1453528.0
Çin,2018,102.9,6.64,80.0,192.0,538854.0
Çin,2019,133.5,5.15,79.9,282.0,685051.0
Japonya,2010,151.4,5.45,78.6,175.0,960186.0
Japonya,2011,151.9,5.43,60.1,204.0,802676.0
Japonya,2012,119.6,8.13,66.3,206.0,990044.0
Japonya,2013,109.1,6.8,72.4,154.0,1306365.0
Japonya,2014,99.7,4.87,76.5,5.0,515890.0
Japonya,2015,102.6,6.01,72.4,146.0,1031672.0
Japonya,2016,129.0,4.78,70.1,252.0,1133721.0
Japonya,2017,124.2,6.58,81.2,186.0,612110.0
Japonya,2018,125.7,7.11,77.8,284.0,1060484.0
Japonya,2019,132.2,5.99,72.6,274.0,500351.0
Güney Kore,2010,128.9,7.42,71.8,205.0,1090686.0
Güney Kore,2011,136.0,7.06,77.7,180.0,678999.0
Güney Kore,2012,117.4,6.62,72.4,144.0,1803353.0
Güney Kore,2013,111.8,5.05,66.8,164.0,814701.0
Güney Kore,2014,99.9,4.7,79.8,202.0,1273900.0
Güney Kore,2015,122.1,5.78,69.0,160.0,1058439.0
Güney Kore,2016,98.6,7.35,71.1,210.0,1942341.0
Güney Kore,2017,92.9,5.91,71.2,85.0,1256948.0
Güney Kore,2018,131.1,5.95,82.1,247.0,954799.0
Güney Kore,2019,130.0,5.07,66.0,181.0,1451699.0
Endonezya,2010,151.2,5.25,65.2,205.0,834594.0
Endonezya,2011,124.1,6.0,75.4,222.0,1742213.0
Endonezya,2012,135.2,6.98,65.8,200.0,565626.0
Endonezya,2013,97.3,6.19,81.5,177.0,1234705.0
Endonezya,2014,123.1,6.06,76.3,198.0,1578157.0
Endonezya,2015,138.5,6.26,82.5,184.0,260045.0
Endonezya,2016,122.0,4.86,72.9,204.0,930293.0
Endonezya,2017,108.5,5.74,71.8,113.0,1793746.0
Endonezya,2018,140.3,5.79,73.3,135.0,1257128.0
Endonezya,2019,115.8,7.2,79.7,165.0,554529.0
Malezya,2010,108.1,5.65,75.4,260.0,1092091.0
Malezya,2011,114.1,6.31,73.3,188.0,1242701.0
Malezya,2012,122.4,6.76,68.8,234.0,883928.0
Malezya,2013,136.6,6.93,71.3,192.0,1122765.0
Malezya,2014,127.6,5.9,76.0,222.0,1144556.0
Malezya,2015,104.1,5.32,77.8,251.0,952514.0
Malezya,2016,115.2,5.53,73.0,158.0,1191794.0
Malezya,2017,119.1,7.63,78.7,174.0,930078.0
Malezya,2018,114.6,6.62,75.5,164.0,1123403.0
Malezya,2019,132.1,5.96,72.4,213.0,1611278.0
Singapur,2010,123.7,6.15,83.6,235.0,1623506.0
Singapur,2011,115.8,4.97,67.2,210.0,684364.0
Singapur,2012,130.5,4.86,73.6,212.0,874757.0
Singapur,2013,134.2,6.08,70.6,173.0,865674.0
Singapur,2014,122.3,5.77,75.2,168.0,814923.0
Singapur,2015,109.8,5.77,67.3,137.0,273922.0
Singapur,2016,138.6,6.8,73.1,168.0,1087055.0
Singapur,2017,112.3,5.89,70.8,169.0,790435.0
Singapur,2018,120.6,7.12,74.3,272.0,246419.0
Singapur,2019,110.7,4.86,75.5,201.0,1138514.0
Avustralya,2010,131.6,8.35,67.2,182.0,1326434.0
Avustralya,2011,125.7,5.07,75.6,118.0,1230365.0
Avustralya,2012,129.7,6.98,79.5,234.0,1751411.0
Avustralya,2013,117.6,3.9,71.3,165.0,327091.0
Avustralya,2014,114.8,4.15,72.6,207.0,907384.0
Avustralya,2015,108.6,7.48,71.4,171.0,1349120.0
Avustralya,2016,127.4,4.13,79.2,127.0,932332.0
Avustralya,2017,123.6,6.42,83.8,147.0,768187.0
Avustralya,2018,127.5,6.18,78.7,145.0,958854.0
Avustralya,2019,123.5,6.32,77.4,137.0,590302.0
Yeni Zelanda,2010,137.6,6.95,74.4,101.0,1011678.0
Yeni Zelanda,2011,87.7,5.83,76.4,171.0,727617.0
Yeni Zelanda,2012,115.9,5.48,85.2,243.0,564164.0
Yeni Zelanda,2013,111.8,4.27,77.3,110.0,1482815.0
Yeni Zelanda,2014,156.4,5.23,74.4,188.0,928199.0
Yeni Zelanda,2015,120.7,5.19,73.0,121.0,684399.0
Yeni Zelanda,2016,107.2,6.34,75.3,158.0,846749.0
Yeni Zelanda,2017,133.0,4.29,79.3,170.0,445157.0
Yeni Zelanda,2018,104.8,5.34,70.1,44.0,988363.0
Yeni Zelanda,2019,102.1,4.72,65.4,248.0,1018119.0
Kanada,2010,129.0,5.09,66.4,126.0,1413930.0
Kanada,2011,130.3,4.43,74.6,166.0,1003855.0
Kanada,2012,110.2,4.71,75.9,236.0,1080547.0
Kanada,2013,140.2,6.19,70.7,155.0,603213.0
Kanada,2014,133.8,6.22,81.3,165.0,257519.0
Kanada,2015,128.9,5.22,73.7,208.0,1602688.0
Kanada,2016,143.3,5.77,75.6,205.0,1376562.0
Kanada,2017,130.8,5.47,77.7,119.0,1743129.0
Kanada,2018,126.4,5.52,79.7,151.0,1754208.0
Kanada,2019,118.6,5.89,76.7,111.0,1365086.0
ABD,2010,133.9,5.46,74.3,201.0,502834.0
ABD,2011,131.7,6.52,71.2,195.0,532533.0
ABD,2012,115.2,5.0,70.7,183.0,716618.0
ABD,2013,112.4,5.75,84.2,160.0,1377090.0
ABD,2014,132.1,4.55,73.5,292.0,1594259.0
ABD,2015,131.2,6.35,62.6,184.0,1062113.0
ABD,2016,106.0,6.13,79.1,193.0,943778.0
ABD,2017,130.8,5.76,74.8,182.0,682987.0
ABD,2018,117.7,5.92,78.9,65.0,1111859.0
ABD,2019,137.8,4.73,73.1,157.0,1073842.0
Birleşik Krallık,2010,124.4,7.61,65.4,76.0,553659.0
Birleşik Krallık,2011,100.0,5.63,74.9,156.0,217071.0
Birleşik Krallık,2012,138.4,5.12,70.0,213.0,1408295.0
Birleşik Krallık,2013,146.3,5.89,71.6,159.0,724984.0
Birleşik Krallık,2014,115.9,6.01,77.7,193.0,140433.0
Birleşik Krallık,2015,138.1,6.76,79.5,148.0,1383513.0
Birleşik Krallık,2016,121.1,4.98,74.1,244.0,1821534.0
Birleşik Krallık,2017,113.5,7.98,69.8,201.0,844129.0
Birleşik Krallık,2018,115.6,6.16,81.9,206.0,863371.0
Birleşik Krallık,2019,111.7,7.42,70.2,130.0,1372946.0
İsrail,2010,101.5,5.38,76.4,152.0,1134387.0
İsrail,2011,110.9,5.35,74.8,147.0,1435718.0
İsrail,2012,139.3,4.37,70.2,232.0,1254392.0
İsrail,2013,109.8,6.63,76.1,181.0,836978.0
İsrail,2014,123.5,6.91,81.5,237.0,724922.0
İsrail,2015,99.2,5.65,77.2,185.0,838390.0
İsrail,2016,98.1,7.28,73.5,160.0,1023377.0
İsrail,2017,114.1,5.66,77.8,186.0,902943.0
İsrail,2018,111.7,4.68,80.1,130.0,1007956.0
İsrail,2019,102.4,7.69,73.6,135.0,1585467.0
Suudi Arabistan,2010,117.6,6.28,75.0,194.0,1469247.0
Suudi Arabistan,2011,151.8,6.95,61.7,215.0,1278581.0
Suudi Arabistan,2012,120.6,6.76,68.5,117.0,363182.0
Suudi Arabistan,2013,94.1,4.41,73.4,154.0,1107209.0
Suudi Arabistan,2014,122.6,6.76,77.8,103.0,1042424.0
Suudi Arabistan,2015,121.3,5.48,76.6,202.0,1050127.0
Suudi Arabistan,2016,107.8,5.78,65.0,120.0,992440.0
Suudi Arabistan,2017,119.2,4.34,74.7,146.0,133031.0
Suudi Arabistan,2018,108.3,7.98,70.6,140.0,1501778.0
Suudi Arabistan,2019,134.0,6.07,83.4,171.0,1610618.0
Mısır,2010,122.2,6.14,71.2,103.0,1300225.0
Mısır,2011,144.8,7.6,73.4,103.0,1231768.0
Mısır,2012,138.3,7.73,76.9,115.0,886130.0
Mısır,2013,131.8,7.96,76.2,120.0,1264256.0
Mısır,2014,124.6,4.91,77.9,248.0,1902350.0
Mısır,2015,142.8,6.13,76.9,182.0,554571.0
Mısır,2016,126.1,5.93,81.6,233.0,989906.0
Mısır,2017,118.4,5.46,72.5,169.0,1116814.0
Mısır,2018,105.6,4.46,73.0,142.0,1134842.0
Mısır,2019,129.4,4.96,78.5,205.0,894531.0
Birleşik Arap Emirlikleri,2010,102.6,5.6,74.3,186.0,894207.0
Birleşik Arap Emirlikleri,2011,123.3,5.62,73.3,273.0,770132.0
Birleşik Arap Emirlikleri,2012,148.4,6.03,74.5,144.0,1286538.0
Birleşik Arap Emirlikleri,2013,128.5,5.55,77.4,65.0,488281.0
Birleşik Arap Emirlikleri,2014,109.4,6.85,79.3,268.0,546114.0
Birleşik Arap Emirlikleri,2015,122.7,4.5,70.6,233.0,1087656.0
Birleşik Arap Emirlikleri,2016,127.3,5.17,80.8,134.0,1233593.0
Birleşik Arap Emirlikleri,2017,92.8,6.65,78.3,178.0,482144.0
Birleşik Arap Emirlikleri,2018,129.7,5.34,70.3,183.0,659979.0
Birleşik Arap Emirlikleri,2019,142.1,6.66,80.6,170.0,179477.0
Tayland,2010,123.7,5.11,69.9,212.0,735306.0
Tayland,2011,116.6,7.97,78.3,136.0,611955.0
Tayland,2012,114.9,6.24,79.2,151.0,1905085.0
Tayland,2013,80.6,4.31,76.1,101.0,1264576.0
Tayland,2014,99.8,5.68,79.2,183.0,621764.0
Tayland,2015,141.8,5.46,70.8,183.0,704200.0
Tayland,2016,111.3,5.43,72.7,169.0,973282.0
Tayland,2017,130.2,6.84,74.1,161.0,539317.0
Tayland,2018,120.9,6.15,81.0,160.0,1390234.0
Tayland,2019,118.1,4.74,82.3,211.0,1524292.0
Vietnam,2010,124.2,6.09,70.5,121.0,688511.0
Vietnam,2011,135.6,6.77,80.4,150.0,804886.0
Vietnam,2012,111.4,5.4,72.2,255.0,1319895.0
Vietnam,2013,154.9,6.14,71.0,250.0,1424396.0
Vietnam,2014,131.6,4.82,76.8,233.0,1041487.0
Vietnam,2015,134.0,5.38,74.1,200.0,526203.0
Vietnam,2016,152.4,5.36,77.8,249.0,789540.0
Vietnam,2017,117.2,6.01,75.8,49.0,747089.0
Vietnam,2018,134.8,8.02,74.6,201.0,1245503.0
Vietnam,2019,123.3,5.72,75.8,180.0,1326470.0
Filipinler,2010,120.4,6.87,78.2,168.0,97978.0
Filipinler,2011,125.7,7.71,82.6,188.0,1136223.0
Filipinler,2012,94.2,4.88,77.4,193.0,981413.0
Filipinler,2013,107.4,5.48,74.9,186.0,711617.0
Filipinler,2014,127.1,6.71,76.2,221.0,617097.0
Filipinler,2015,130.8,5.54,79.0,181.0,1155212.0
Filipinler,2016,148.9,4.9,81.7,100.0,1069647.0
Filipinler,2017,126.7,4.49,71.4,225.0,1045563.0
Filipinler,2018,110.9,6.39,68.4,235.0,614538.0
Filipinler,2019,100.7,6.27,77.8,211.0,1294443.0
Pakistan,2010,135.5,7.01,81.7,192.0,1402420.0
Pakistan,2011,113.4,6.39,72.9,150.0,1571644.0
Pakistan,2012,121.9,5.8,81.4,131.0,1376480.0
Pakistan,2013,117.6,4.68,71.8,214.0,1273807.0
Pakistan,2014,103.6,5.77,67.1,201.0,1028245.0
Pakistan,2015,105.9,7.12,79.3,224.0,1145304.0
Pakistan,2016,130.3,5.72,78.0,243.0,1432627.0
Pakistan,2017,116.0,5.78,70.3,85.0,1850214.0
Pakistan,2018,123.0,7.12,77.7,181.0,1306966.0
Pakistan,2019,120.7,5.44,77.8,145.0,749659.0
Bangladeş,2010,112.5,5.38,71.0,140.0,2337857.0
Bangladeş,2011,112.4,6.72,74.6,115.0,1021519.0
Bangladeş,2012,139.2,5.72,69.3,162.0,1109822.0
Bangladeş,2013,125.5,4.51,75.4,164.0,717771.0
Bangladeş,2014,112.2,5.5,65.5,253.0,133124.0
Bangladeş,2015,133.7,6.23,74.5,152.0,304693.0
Bangladeş,2016,141.8,2.47,75.3,176.0,1191710.0
Bangladeş,2017,130.8,7.03,71.6,167.0,548510.0
Bangladeş,2018,122.3,6.73,76.3,265.0,1672247.0
Bangladeş,2019,113.7,6.09,80.8,246.0,788765.0
Gana,2010,110.4,6.55,75.1,172.0,968679.0
Gana,2011,121.4,8.42,77.6,102.0,868910.0
Gana,2012,105.7,5.77,73.8,226.0,832799.0
Gana,2013,144.7,7.17,78.4,102.0,1673277.0
Gana,2014,109.5,5.78,72.0,182.0,1059528.0
Gana,2015,123.4,6.14,77.4,152.0,771535.0
Gana,2016,126.3,8.35,83.3,200.0,902013.0
Gana,2017,101.8,6.64,75.0,136.0,905974.0
Gana,2018,116.1,5.59,69.2,202.0,756796.0
Gana,2019,112.5,6.86,77.8,190.0,539888.0
Nijerya,2010,110.4,6.84,70.1,211.0,1176414.0
Nijerya,2011,121.8,5.58,74.8,233.0,839122.0
Nijerya,2012,160.7,6.54,80.5,133.0,1163372.0
Nijerya,2013,117.1,5.71,80.6,219.0,511946.0
Nijerya,2014,147.8,6.12,76.0,162.0,681807.0
Nijerya,2015,94.2,5.26,73.3,211.0,818736.0
Nijerya,2016,101.1,4.78,65.9,160.0,1319110.0
Nijerya,2017,116.9,6.1,67.1,248.0,1412083.0
Nijerya,2018,131.4,5.98,75.4,117.0,1419808.0
Nijerya,2019,80.2,5.85,78.4,283.0,1267940.0
Kazakistan,2010,123.5,5.5,75.7,227.0,1249061.0
Kazakistan,2011,127.3,6.84,75.5,163.0,889887.0
Kazakistan,2012,142.8,5.72,77.3,142.0,882437.0
Kazakistan,2013,116.3,4.9,79.2,223.0,715428.0
Kazakistan,2014,134.5,6.69,76.5,164.0,1146644.0
Kazakistan,2015,127.2,5.85,78.2,109.0,706096.0
Kazakistan,2016,142.2,7.49,64.0,264.0,968508.0
Kazakistan,2017,123.9,5.49,68.2,250.0,1187022.0
Kazakistan,2018,128.3,6.27,73.5,181.0,1244184.0
Kazakistan,2019,101.2,6.65,89.3,237.0,638585.0
Ukrayna,2010,110.0,5.55,75.3,141.0,835838.0
Ukrayna,2011,135.8,5.37,75.5,172.0,1216303.0
Ukrayna,2012,116.9,7.21,70.6,149.0,831158.0
Ukrayna,2013,118.7,6.34,78.3,259.0,547891.0
Ukrayna,2014,134.4,6.72,67.6,187.0,1392867.0
Ukrayna,2015,108.6,6.38,67.7,232.0,419025.0
Ukrayna,2016,128.9,5.15,74.8,142.0,1523649.0
Ukrayna,2017,112.0,6.6,62.5,186.0,1131270.0
Ukrayna,2018,137.7,4.47,72.5,132.0,906004.0
Ukrayna,2019,127.9,4.93,71.8,165.0,907403.0
Türkiye,2010,120.0,5.11,68.7,250.0,1214047.0
Türkiye,2011,132.3,5.84,77.4,107.0,849276.0
Türkiye,2012,104.8,7.02,66.7,119.0,781024.0
Türkiye,2013,119.9,5.93,75.9,177.0,1400150.0
Türkiye,2014,79.5,5.53,76.9,178.0,118769.0
Türkiye,2015,109.0,5.52,77.2,101.0,625269.0
Türkiye,2016,119.0,4.6,71.5,152.0,100771.0
Türkiye,2017,108.9,4.07,74.0,203.0,1308445.0
Türkiye,2018,104.8,3.43,68.5,206.0,1891767.0
Türkiye,2019,107.2,5.59,72.9,170.0,1133863.0
